,Expected Cap,Std Cap,Exp Cap < 500k,Prob >= 500k,Expected Annual_sharpe,Expected Annual_sortino,Expected MDD,ret VaR,ret CVaR,cap VaR,cap CVaR
alloc_1 5Y,254833.4730523162,63391.215739206935,254833.4730523162,0.0,1.5905949790607716,2.1070326303611973,0.168254951415335,0.481630867939848,0.357880582094653,-363498.97974515066,-365323.12221942993
alloc_2 5Y,280402.4302970158,66339.04117242857,280402.4302970158,0.0,1.4328726167122727,1.9378768814057348,0.205409289459447,0.4996553806749533,0.4790992329562845,-334226.76471644,-336320.9468861548
