,Expected Cap,Std Cap,Exp Cap < 500k,Prob >= 500k,Expected Annual_sharpe,Expected Annual_sortino,Expected MDD,ret VaR,ret CVaR,cap VaR,cap CVaR
alloc_1 10Y,785191.2127476957,153239.2246060225,484354.0857377916,0.998,1.6360633509325815,2.233839317879865,0.19698842825339727,1.9460338587320267,1.9460338587320263,26689.537414612365,21397.605955009698
alloc_2 10Y,1020176.6876338905,197673.03883867397,0.0,1.0,1.5118044287160455,2.0925247912394105,0.23575178177148245,3.0438299055482725,2.92841770836251,192039.91704868525,160935.40528278367
