,Expected Cap,Std Cap,Exp Cap < 500k,Prob >= 500k,Expected Annual_sharpe,Expected Annual_sortino,Expected MDD,ret VaR,ret CVaR,cap VaR,cap CVaR
alloc_1 7Y,416885.13591027196,83381.9486236482,390485.1680852933,0.174,1.5320086744447095,2.0399201800110887,0.19659739605295512,0.9424246462924233,0.9424246462924232,-222561.2497910328,-246233.4722262507
alloc_2 7Y,481693.4126813575,90410.65357209287,417756.76861795736,0.432,1.4018718153239453,1.9056212042006613,0.2301955516417883,1.5751914891568033,1.5642680805022915,-171186.30550201348,-187243.2763837981
