,Expected Cap,Std Cap,Exp Cap < 500k,Prob >= 500k,Expected Annual_sharpe,Expected Annual_sortino,Expected MDD,ret VaR,ret CVaR,cap VaR,cap CVaR
alloc_1 10Y,883499.9239137593,161818.67446630794,0.0,1.0,1.6611940550694628,2.279329167983992,0.19784660248556682,1.9460338587320267,1.9460338587320265,54354.174635597505,54354.174635597505
alloc_2 10Y,1117780.9118936737,206545.97103215163,0.0,1.0,1.5073879952423006,2.0916565640309552,0.23524321391588118,3.0438299055482725,2.92841770836251,207954.2999462816,201836.31974769488
