,Expected Cap,Std Cap,Exp Cap < 500k,Prob >= 500k,Expected Annual_sharpe,Expected Annual_sortino,Expected MDD,ret VaR,ret CVaR,cap VaR,cap CVaR
alloc_1 7Y,365106.19568877685,72101.61068829821,361740.33896745666,0.02,1.52875691582092,2.0293366420254917,0.19370267198201466,0.9424246462924233,0.9424246462924233,-289333.03704131197,-289333.0370413119
alloc_2 7Y,422306.9929917649,67667.07406891073,409453.4010716019,0.09,1.3955895637495752,1.8930342674162106,0.23237993653712113,1.5751914891568033,1.5666955046477389,-213958.17358237074,-222870.3813031732
