,Expected Cap,Std Cap,Exp Cap < 500k,Prob >= 500k,Expected Annual_sharpe,Expected Annual_sortino,Expected MDD,ret VaR,ret CVaR,cap VaR,cap CVaR
alloc_1 5Y,218376.50450991635,46953.12241916688,218376.50450991635,0.0,1.5384629995355736,2.0338031333200455,0.17549424944985767,-0.005825226001371153,-0.004926247661766636,126501.02025484931,125543.34545585272
alloc_2 5Y,242719.31191704777,51246.77323762903,242719.31191704777,0.0,1.4485146082052218,1.953282926878082,0.20051807331510946,-0.006776781425232414,-0.006718591737992227,145254.5881284888,145254.58812848877
